latitude,longitude
33.3044133330277,126.317234498516
33.3044132096069,126.317234666651
33.3044127379002,126.317235545961
33.3044115618644,126.317237165156
33.3044104287576,126.317238807066
33.3044092613907,126.317240387665
33.3044080202446,126.317241875135
33.3044069461025,126.317243552109
33.3044056429243,126.317245017364
33.3044043409639,126.317246490581
33.3044031315028,126.317247962327
33.3044017836514,126.317249257779
33.3044004490385,126.317250657706
33.3043990978146,126.317252067064
33.3043977080661,126.317253367536
33.3043961787099,126.317254449136
33.3043948292128,126.317255729767
33.3043933357206,126.317256816721
33.3043918576986,126.317258015876
33.3043903786396,126.317259173714
33.3043889590106,126.317260393574
33.3043874549768,126.3172615276
33.3043859996973,126.317262665189
33.3043844759176,126.317263786238
33.3043829899306,126.317264962681
33.304381611775,126.317266211753
33.3043800726529,126.317267328762
33.3043786186838,126.317268542029
33.3043771218448,126.317269692337
33.3043756899567,126.317270974923
33.3043742492139,126.31727224161
33.3043727703703,126.31727344865
33.3043713866252,126.317274688981
33.3043699784607,126.317276015507
33.3043685084238,126.317277251256
33.3043671829599,126.317278648593
33.3043658092373,126.317280022316
33.3043645954181,126.317281569462
33.3043633258904,126.31728300566
33.3043620027736,126.317284455301
33.3043607696861,126.317285942716
33.3043595804615,126.317287431396
33.3043584954332,126.317289115317
33.3043572985281,126.317290666647
33.304356279067,126.317292415397
33.3043551601909,126.317294047904
33.3043539997015,126.317295665183
33.3043528829016,126.317297340381
33.3043517836532,126.317299010865
33.3043506912626,126.317300636128
33.3043495984319,126.317302276491
33.3043484535355,126.31730389648
33.3043473092388,126.317305534211
33.3043462741365,126.31730724047
33.304345034923,126.31730877946
33.3043439363482,126.317310426881
33.3043427939674,126.317312034359
33.304341760125,126.317313760132
33.3043405623668,126.31731532332
33.3043394699376,126.31731691676
33.3043383427828,126.317318553363
33.304337229714,126.317320220995
33.304336102753,126.317321811069
33.3043348909126,126.317323359688
33.3043337129976,126.317324948714
33.3043326425708,126.317326611592
33.3043314276268,126.317328165128
33.3043304535353,126.317329887244
33.304329216233,126.317331394522
33.3043280943526,126.317333023211
33.3043271030199,126.317334744374
33.3043259664179,126.317336362283
33.3043248872785,126.317338050897
33.3043238383794,126.317339769174
33.3043226977552,126.317341400392
33.3043216923074,126.317343071662
33.304320670506,126.317344823961
33.3043196355018,126.317346560248
33.304318663377,126.317348318327
33.3043176451305,126.317349978103
33.3043165463206,126.317351609242
33.3043155011561,126.317353295901
33.3043144394438,126.3173550233
33.3043133005434,126.317356545686
33.3043122404412,126.317358220746
33.3043113717931,126.317360006802
33.3043104205102,126.317361791879
33.3043093240196,126.317363425212
33.3043084369669,126.317365260386
33.3043073797392,126.317366975858
33.3043064287571,126.31736874147
33.30430553663,126.317370591326
33.3043045869472,126.3173723428
33.3043035298242,126.317374039339
33.3043025880422,126.317375821827
33.3043016338192,126.317377601862
33.3043007154462,126.317379400372
33.3042996875997,126.317381131209
33.3042987198164,126.317382891624
33.3042978062796,126.317384718686
33.3042967247638,126.317386377458
33.3042957937211,126.317388125376
33.3042949039739,126.3173899577
33.3042939651996,126.31739173419
33.3042929486588,126.317393482129
33.3042919843835,126.317395181653
33.3042910709844,126.317397022615
33.3042900954256,126.317398771596
33.3042891290526,126.317400510492
33.304288160192,126.317402257776
33.3042871725399,126.317403986179
33.3042861571549,126.317405717934
33.3042853185659,126.317407520709
33.3042845039597,126.317409431592
33.3042838287694,126.317411344646
33.3042830040875,126.317413156401
33.3042822194008,126.317415038279
33.30428163867,126.317417063144
33.3042808287646,126.317418952913
33.3042801027105,126.317420834874
33.3042792975596,126.317422706008
33.3042787669437,126.317424729809
33.3042781980354,126.317426720994
33.3042777018389,126.317428725434
33.3042772107751,126.31743074127
33.3042769003664,126.317432817701
33.3042764425849,126.317434861701
33.3042761692106,126.317436963861
33.3042757136834,126.317439024155
33.3042754996976,126.317441109636
33.3042750799477,126.317443177531
33.3042747128503,126.317445192801
33.3042744996965,126.317447306366
33.3042740235419,126.317449355449
33.3042736659557,126.317451367775
33.3042733155056,126.317453422455
33.30427302354,126.317455522114
33.304272565297,126.317457539338
33.3042721069548,126.317459569504
33.3042715554054,126.317461603427
33.3042710580965,126.317463652396
33.3042704954306,126.317465677984
33.3042699745777,126.317467722628
33.3042693972527,126.317469727813
33.3042687268981,126.317471674025
33.3042679759079,126.317473546108
33.3042673263753,126.317475510042
33.3042665375745,126.317477417718
33.3042658029044,126.317479356634
33.3042649651993,126.317481234187
33.3042640951801,126.317483002352
33.3042632864033,126.317484897669
33.3042622804522,126.317486641309
33.3042613219792,126.317488441293
33.3042605273993,126.317490257998
33.3042593552682,126.317491839412
33.3042583300128,126.317493557553
33.3042573699575,126.317495257997
33.3042562162373,126.31749689452
33.3042550758841,126.317498550905
33.30425392714,126.317500196992
33.3042526678204,126.317501729818
33.3042514640116,126.31750329016
33.3042501979517,126.317504767231
33.3042490011566,126.317506363434
33.304247715748,126.317507782473
33.3042465005316,126.317509260488
33.3042452142083,126.317510733595
33.3042439681161,126.317512196772
33.3042425949378,126.317513569946
33.3042411462568,126.31751474975
33.304239768406,126.317516063143
33.3042383738513,126.317517392102
33.3042369207726,126.317518551972
33.3042354077084,126.317519625346
33.3042338687147,126.317520718776
33.3042324008544,126.31752190766
33.3042308640364,126.317522977853
33.3042292973425,126.317524022312
33.3042277756372,126.317525098022
33.3042261488154,126.317525903317
33.3042244495481,126.317526577047
33.3042227922148,126.317527301728
33.3042211663669,126.317527998516
33.3042194312746,126.317528576881
33.3042177703698,126.317529277717
33.3042160798699,126.317529805132
33.3042143566295,126.317530379547
33.3042126427683,126.317530808005
33.3042108610068,126.317530998525
33.3042090856333,126.317530998523
33.3042073206864,126.317530955306
33.3042056187786,126.317530653294
33.3042039579095,126.317530321131
33.3042022333212,126.317529844412
33.3042005305612,126.317529245437
33.3041988578144,126.317528594241
33.3041972842373,126.317527714881
33.3041956057861,126.317526968234
33.3041940472786,126.317526111594
33.3041924327674,126.317525215053
33.3041907990575,126.317524481531
33.3041891540214,126.317523659012
33.3041875413968,126.317522808067
33.3041859331126,126.317521965224
33.3041842885871,126.317521142969
33.3041826729541,126.317520335151
33.3041810490826,126.317519461487
33.304179333029,126.317518831858
33.3041776017408,126.317518265775
33.3041759256265,126.317517628147
33.304174229755,126.317517139371
33.3041725124941,126.317516777723
33.3041707854503,126.317516575907
33.3041690237954,126.317516498521
33.304167271539,126.317516500195
33.3041654869116,126.317516374401
33.3041637494527,126.317516489285
33.3041619756005,126.31751671288
33.3041602553739,126.317517148425
33.3041584755972,126.317517355699
33.304156708059,126.317517677087
33.3041549936018,126.31751822278
33.304153318188,126.317518895543
33.3041517129276,126.317519809964
33.3041501036757,126.317520701132
33.3041486371351,126.317521892261
33.3041471127673,126.317522962834
33.3041457064628,126.317524284195
33.3041443808766,126.317525733603
33.3041432268149,126.317527298828
33.304142169421,126.317529011315
33.3041411475879,126.317530696749
33.3041403027077,126.317532579007
33.3041394287572,126.317534408137
33.3041387138799,126.317536355988
33.3041379594318,126.317538260869
33.3041372467563,126.317540200052
33.3041364695751,126.317542124376
33.3041358533574,126.317544101759
33.3041351881835,126.317546064569
33.3041344788995,126.317548018015
33.3041338330324,126.317549998519
33.3041332975615,126.317552039333
33.3041329341046,126.317554058771
33.3041325170695,126.317556100509
33.3041323330315,126.317558220995
33.3041319455619,126.31756026492
33.3041316625654,126.317562297806
33.3041316663652,126.317564408221
33.3041299608266,126.317564629711
33.3041281921158,126.317564765769
33.3041273330334,126.317565736836
33.3041273330343,126.317567855453
33.3041273330289,126.317569952917
33.3041274996968,126.317572033024
33.3041276652642,126.317574158605
33.3041278330348,126.317576267228
33.304127998852,126.317578355543
33.3041281724863,126.31758046098
33.3041283330325,126.317582539857
33.304128501292,126.317584627711
33.3041286146573,126.317586736208
33.304128832686,126.317588862092
33.304129003082,126.317590979987
33.3041291494025,126.317593057271
33.3041293330349,126.317595162273
33.3041293330321,126.317597217305
33.3041293330289,126.317599319064
33.3041294455641,126.317601457178
33.3041294996962,126.317603572869
33.3041297140519,126.317605641841
33.3041299996946,126.317607672724
33.3041300988217,126.317609790333
33.3041303568787,126.317611879795
33.3041304996943,126.317613998524
33.304130666367,126.31761612522
33.3041309810529,126.317618189207
33.3041309996977,126.317620331604
33.3041313871637,126.317622373197
33.3041316678386,126.317624446247
33.304131801386,126.317626566248
33.3041320429098,126.31762867753
33.3041321663684,126.317630802124
33.3041321663637,126.317632933894
33.3041323449309,126.317635046106
33.3041324979224,126.317637132151
33.3041327683509,126.31763923298
33.3041330012267,126.317641314978
33.3041331249869,126.317643441443
33.3041334912049,126.31764545605
33.3041336345192,126.317647556983
33.3041338316992,126.317649652691
33.3041338635279,126.317651715509
33.3041339996979,126.317653834646
33.3041339552521,126.317655976807
33.3041336782598,126.317658016423
33.3041333871616,126.317660123847
33.3041331663671,126.317662165188
33.3041329162756,126.317664274792
33.3041323129464,126.317666267928
33.3041318711261,126.317668330192
33.3041311065153,126.317670181665
33.3041304879109,126.317672120864
33.3041297985299,126.317674067525
33.3041289043148,126.317675879794
33.3041281144035,126.317677725353
33.304127244254,126.317679545227
33.3041263833214,126.317681401948
33.3041254503115,126.317683177536
33.304124357101,126.31768485983
33.3041231824758,126.317686475749
33.3041218383761,126.317687892104
33.3041204761037,126.317689212629
33.304118928704,126.317690161157
33.3041173687178,126.317691141402
33.3041157309926,126.31769197082
33.3041140223365,126.3176924512
33.3041122661029,126.31769289025
33.3041104996948,126.317692998522
33.3041087091269,126.317692832288
33.3041069540957,126.317692556918
33.3041052309923,126.317692064604
33.3041036127723,126.317691266364
33.3041020120262,126.317690511161
33.3041003575972,126.317689733337
33.3040988383796,126.317688613193
33.3040973762675,126.317687387366
33.3040960737707,126.317685905926
33.3040948276832,126.317684457707
33.3040937361609,126.317682792223
33.3040925514897,126.317681178693
33.3040914670897,126.317679522375
33.3040904967397,126.317677752014
33.3040895071535,126.317676054041
33.3040884413398,126.317674388327
33.3040875367345,126.317672609628
33.3040867620883,126.317670689974
33.3040860366639,126.317668799283
33.3040852602066,126.317666907236
33.3040847675388,126.317664891329
33.3040841620959,126.317662873196
33.3040836766905,126.317660880044
33.3040832018406,126.317658842546
33.3040828211367,126.317656849761
33.304082441297,126.317654873195
33.304082025664,126.317652854896
33.3040817095758,126.317650763949
33.3040813514955,126.317648757511
33.3040810481814,126.317646704472
33.3040808351454,126.317644642719
33.3040804564872,126.317642566423
33.3040802437466,126.317640439046
33.3040800327403,126.317638328935
33.3040797548872,126.317636274644
33.3040795538309,126.317634206522
33.3040793422626,126.317632090845
33.3040791333262,126.317630001436
33.3040789223111,126.317627891336
33.304078709579,126.317625763948
33.3040785039456,126.317623707659
33.3040782724694,126.317621606572
33.3040778189773,126.317619606204
33.3040772466102,126.317617609628
33.3040766425737,126.317615605712
33.3040758392025,126.317613720739
33.3040749685024,126.317611935633
33.3040739920268,126.317610165976
33.3040729943554,126.317608457708
33.3040718094418,126.317606855955
33.3040705514991,126.317605457062
33.3040692309937,126.317604063146
33.30406788884,126.317602752666
33.3040663738509,126.317601670533
33.3040647661003,126.317600715052
33.3040632064951,126.317599840547
33.3040616354991,126.31759900469
33.3040599331133,126.317598481872
33.3040581901705,126.317598046139
33.3040564314274,126.317597827663
33.3040547003394,126.317597669433
33.3040529379744,126.317597665187
33.3040511798453,126.317597757703
33.3040494068868,126.317597989289
33.3040477071776,126.317598564119
33.3040459468813,126.317598926933
33.3040442023213,126.317599430984
33.3040425666257,126.31760004839
33.3040409521172,126.317600766366
33.3040392802149,126.317601521995
33.3040376661103,126.317602451082
33.3040361066332,126.317603438162
33.3040345859615,126.317604499986
33.3040331653828,126.31760571863
33.3040317772205,126.317607054324
33.3040305444321,126.317608548688
33.3040295021127,126.317610254954
33.3040285322033,126.317612022287
33.3040275516016,126.317613787145
33.3040267162314,126.317615565452
33.3040259656651,126.31761748857
33.3040252957136,126.317619453564
33.3040246544662,126.317621456825
33.3040241782616,126.317623462836
33.3040236007651,126.317625457702
33.3040232018329,126.317627493181
33.3040228319422,126.317629510763
33.3040225770859,126.317631623484
33.304022333034,126.31763372008
33.3040223330289,126.317635845158
33.3040223330352,126.317637939044
33.3040225027026,126.31763996273
33.3040226552364,126.317642031349
33.3040227699576,126.317644125866
33.3040229904621,126.317646239528
33.304022999694,126.317648352727
33.3040231686161,126.317650405362
33.3040231649478,126.317652534084
33.3040233330342,126.317654616486
33.304023333033,126.317656738837
33.304023466655,126.317658834771
33.3040234997005,126.317660974384
33.3040236607075,126.317663078831
33.3040236663666,126.317665195683
33.3040236663631,126.31766734173
33.3040236663608,126.317669487831
33.3040236663654,126.317671609633
33.3040236644902,126.317673730807
33.3040238330331,126.317675828935
33.3040238330353,126.317677886766
33.3040236652106,126.317679911053
33.3040236663682,126.317682053264
33.3040236663672,126.317684172726
33.3040236663697,126.317686319063
33.3040236663655,126.317688442971
33.3040236663659,126.317690564172
33.3040236333195,126.317692662271
33.3040234996976,126.317694772373
33.3040233339847,126.317696880666
33.3040231570607,126.317698960796
33.3040227247656,126.317700985723
33.3040221620956,126.317703011314
33.3040215375898,126.317704915667
33.3040207836499,126.317706844204
33.3040197620869,126.317708539343
33.3040186718544,126.317710157506
33.3040173667204,126.317711617643
33.3040159985918,126.317712950478
33.3040144997017,126.317713998522
33.3040129632526,126.317715100072
33.3040113089341,126.317715927237
33.3040096257255,126.317716629878
33.3040079441411,126.317717251609
33.3040061713566,126.317717628589
33.304004434634,126.317717929927
33.3040026556751,126.317717998523
33.3040008743725,126.317717885991
33.3039990951734,126.317717719322
33.3039973385502,126.317717623192
33.3039956079002,126.317717138378
33.303993931798,126.317716628153
33.3039922970738,126.317716097644
33.3039907003431,126.317715348847
33.3039891108395,126.317714382412
33.3039875715333,126.317713356545
33.303986160519,126.31771215636
33.3039847187502,126.317710875581
33.3039835215623,126.317709369603
33.3039822794423,126.317707867546
33.3039811050728,126.317706274704
33.3039800988032,126.317704526028
33.3039791294395,126.317702739533
33.3039783344869,126.317700834772
33.3039774503195,126.317699066422
33.303976614371,126.317697285202
33.3039758517796,126.317695381823
33.3039751662872,126.317693431438
33.3039745354746,126.317691457581
33.3039739321646,126.317689482237
33.3039734345931,126.317687473451
33.3039729642271,126.317685487828
33.3039726079701,126.317683481455
33.3039723660721,126.317681361986
33.3039720470218,126.31767928247
33.3039717674353,126.317677211345
33.3039715358278,126.317675132103
33.3039713565973,126.317673006258
33.3039711994033,126.317670928065
33.3039711663677,126.317668879472
33.3039711710835,126.317666772933
33.303971030881,126.317664642403
33.3039709997,126.3176625219
33.3039709997007,126.317660382822
33.3039711391999,126.317658273111
33.3039709996975,126.317656224665
33.3039709996994,126.317654093995
33.3039709996985,126.317652017042
33.3039708310919,126.317649922245
33.3039708330276,126.317647801383
33.3039709838642,126.317645704402
33.3039711571373,126.31764360931
33.3039713287829,126.317641549486
33.3039714996805,126.317639451696
33.3039715783531,126.317637313816
33.3039717556474,126.317635260476
33.3039719997007,126.317633165191
33.3039721600944,126.317631092022
33.3039723157662,126.317628967631
33.3039724968349,126.317626870733
33.30397281457,126.317624785205
33.3039731346882,126.317622704405
33.303973618858,126.317620688563
33.303974134734,126.317618676345
33.3039746262195,126.317616649413
33.3039749912028,126.317614549489
33.3039754996961,126.317612498521
33.3039761619722,126.3176105117
33.3039765166837,126.317608447555
33.3039771707549,126.317606485347
33.3039778330309,126.317604498525
33.3039784953066,126.317602511693
33.3039791493778,126.317600549485
33.3039796536102,126.317598560472
33.3039804287718,126.317596649453
33.3039811030132,126.31759468857
33.3039816536202,126.317592711912
33.3039823160455,126.317590716152
33.303982979023,126.317588725508
33.3039836875984,126.317586785133
33.3039845366254,126.317584896965
33.3039852297154,126.317582975146
33.3039858947595,126.317580980004
33.3039865473161,126.317579020741
33.3039872499614,126.317577097598
33.3039878963814,126.317575125971
33.3039885166915,126.317573118467
33.3039892198562,126.317571168455
33.3039899096172,126.317569196048
33.3039906185705,126.317567309078
33.3039912297156,126.317565324316
33.3039919284113,126.317563379036
33.3039926260199,126.317561476094
33.3039934518276,126.317559599063
33.3039945094129,126.317557871209
33.3039953956921,126.317556093994
33.3039961383928,126.317554162817
33.3039970174882,126.317552386112
33.3039978240143,126.317550517606
33.3039988646197,126.317548801729
33.3039997855903,126.317547045709
33.3040005788823,126.317545157648
33.304001450502,126.317543309513
33.3040024028992,126.317541497009
33.3040033236176,126.31753968132
33.3040041649042,126.317537801731
33.304004998237,126.317535968394
33.3040058124904,126.317534120373
33.3040067140107,126.317532297456
33.3040076592418,126.317530523428
33.3040085682583,126.317528744518
33.3040095312867,126.317526968398
33.3040104877725,126.317525257942
33.3040114294426,126.317523483518
33.3040123399547,126.317521688285
33.3040133687222,126.317519939044
33.3040143383756,126.317518154497
33.304015267575,126.317516387519
33.3040161328461,126.31751457398
33.3040171145966,126.317512790586
33.3040181061095,126.317511053428
33.3040190050424,126.317509220099
33.3040199045277,126.31750739064
33.3040209904624,126.317505697188
33.3040219039713,126.317503856638
33.3040228415587,126.317502093988
33.3040237727791,126.317500386765
33.3040246849855,126.317498622402
33.3040255459599,126.317496748544
33.3040266145774,126.317495067733
33.3040276748921,126.317493373198
33.3040286061168,126.317491619021
33.3040296425809,126.317489940613
33.3040307172684,126.317488222348
33.3040319999497,126.317486783908
33.3040332406795,126.317485261995
33.3040345682182,126.317483825359
33.3040358395756,126.317482320148
33.3040371464877,126.317480902805
33.3040384350701,126.317479429525
33.3040396893776,126.317478057429
33.3040410972809,126.317476745823
33.3040424794139,126.317475539275
33.3040441104602,126.317474701254
33.3040456540184,126.317473757779
33.3040472342659,126.317472881233
33.3040487774734,126.317471924444
33.3040503999392,126.317471001412
33.3040520581964,126.317470226442
33.3040537226397,126.317469472392
33.3040553743388,126.31746874025
33.3040570124947,126.317467935854
33.3040586250266,126.317467327584
33.3040602916944,126.317466827591
33.3040619447949,126.317466260908
33.3040636484609,126.317465641395
33.3040653509408,126.317465099698
33.3040670326662,126.317464697414
33.3040687139109,126.317464034147
33.3040704778291,126.317463669566
33.3040722332943,126.317463273451
33.3040739258393,126.317462850317
33.3040756982309,126.317462496095
33.3040774836043,126.317462272447
33.3040791739098,126.317461966845
33.304080934588,126.317461655952
33.3040827188494,126.317461498522
33.3040844996954,126.317461498516
33.3040862725094,126.317461500238
33.3040880301637,126.317461346522
33.3040898254883,126.317461331857
33.3040916031982,126.317461465474
33.3040933081306,126.31746157611
33.3040950621009,126.317461663791
33.3040968404612,126.317461778684
33.3040985356591,126.317461831852
33.3041002499403,126.317461831857
33.3041020059455,126.3174620033
33.3041037882559,126.317462053972
33.3041055759855,126.317462165185
33.3041073689927,126.317462031559
33.3041090914244,126.317462284484
33.304110869718,126.31746261206
33.3041125945793,126.317462808004
33.3041142631554,126.317463261108
33.3041160405718,126.317463489651
33.3041177905614,126.317463823355
33.3041195648059,126.317464146717
33.3041213254926,126.317464466845
33.3041230707283,126.31746478416
33.3041248029028,126.317465099104
33.3041265741377,126.317465334482
33.3041283634554,126.317465366461
33.3041300715724,126.317465584865
33.3041318697694,126.317465665188
33.3041336366769,126.317465665191
33.3041353353671,126.317465669259
33.3041371242038,126.317465497419
33.3041388997003,126.317465498522
33.3041406365664,126.317465498521
33.3041423327814,126.317465641346
33.3041440900398,126.317465498519
33.3041458786398,126.317465498522
33.304147654024,126.317465375067
33.3041493978326,126.317465176411
33.3041511669019,126.317464972234
33.304152923409,126.317464766252
33.3041546415837,126.317464665187
33.3041563884216,126.317464665192
33.3041581671199,126.317464495649
33.3041599579998,126.317464498525
33.3041616786641,126.317464498516
33.3041634784757,126.317464500409
33.3041652651341,126.317464375063
33.3041669868993,126.317464444382
33.3041687369392,126.317464149792
33.3041704921126,126.317463753524
33.3041722079573,126.317463320903
33.3041739634253,126.317462939111
33.3041757171144,126.317462566371
33.3041774767023,126.317462133226
33.3041791415794,126.317461528644
33.3041808021699,126.317460850837
33.3041824806926,126.317460095796
33.3041841306775,126.317459266362
33.3041856408855,126.317458186419
33.304187273354,126.317457280687
33.3041888865426,126.317456345986
33.304190338579,126.317455249743
33.3041918327772,126.317454117753
33.3041931037038,126.317452727848
33.3041944535383,126.317451378012
33.3041956036989,126.317449786255
33.3041967727764,126.317448189967
33.3041978689426,126.317446585798
33.3041988330348,126.317444831856
33.3041998824141,126.317443152844
33.3042008568275,126.317441361661
33.3042017536409,126.317439500809
33.304202481738,126.317437567743
33.3042032696857,126.317435641058
33.304203864709,126.317433689317
33.3042043631546,126.317431675877
33.3042049114439,126.317429656335
33.3042053449283,126.317427605705
33.3042057466146,126.317425597291
33.3042063044003,126.317423646734
33.30420671406,126.317421593398
33.3042071308897,126.317419574813
33.3042075580948,126.317417539859
33.3042079737445,126.317415461644
33.3042083914327,126.317413485723
33.3042088013588,126.31741149022
33.3042092251625,126.317409476446
33.3042097251577,126.317407430006
33.3042101651661,126.317405379229
33.3042105964149,126.317403319037
33.3042110712385,126.317401283911
33.3042116964904,126.31739934254
33.3042122451004,126.317397387947
33.3042127975566,126.317395408145
33.3042133888509,126.317393468286
33.3042139616359,126.317391450828
33.304214598881,126.317389476577
33.3042154363477,126.317387641057
33.3042161346847,126.317385738161
33.3042169477959,126.317383854909
33.3042177831648,126.317381985727
33.3042186619781,126.317380173968
33.3042196872698,126.317378436714
33.3042207247259,126.317376721668
33.3042217157449,126.317374942966
33.3042227922118,126.317373372674
33.3042240235047,126.317371966566
33.3042252561336,126.317370461624
33.304226368722,126.317368873551
33.3042275011527,126.317367262858
33.3042285713404,126.317365641048
33.3042297199621,126.317364084952
33.3042309931133,126.317362672868
33.3042321979512,126.317361100565
33.3042334299611,126.31735960537
33.3042345532409,126.317357967986
33.3042358075463,126.317356528252
33.304237161023,126.317355170528
33.3042384749786,126.317353747509
33.3042398094369,126.317352331604
33.3042410599555,126.31735087267
33.3042423415587,126.317349489994
33.3042436509103,126.31734813724
33.304245041146,126.317346790405
33.3042464350723,126.317345530105
33.3042479856917,126.317344469074
33.3042494520386,126.317343273652
33.3042510116375,126.317342278959
33.3042525735562,126.317341276465
33.3042540973645,126.317340199688
33.3042556864172,126.317339262524
33.3042572487166,126.317338305607
33.304258847352,126.317337402605
33.3042604306953,126.317336499975
33.3042619785812,126.317335437202
33.304263653411,126.317334735785
33.3042651911454,126.317333670532
33.3042667633707,126.317332646816
33.3042682978158,126.317331697238
33.3042698627657,126.317330981535
33.3042714640091,126.317330022308
33.3042729742184,126.317329015514
33.304274391553,126.317327780394
33.304275954095,126.317326769193
33.3042774661879,126.317325716042
33.304279021908,126.31732474088
33.3042805421685,126.317323639699
33.3042821238962,126.317322690668
33.3042835643232,126.317321466931
33.3042850031199,126.317320295855
33.3042863646117,126.317318966939
33.304287791992,126.317317697271
33.3042892309945,126.317316433892
33.3042905651977,126.317315099682
33.304291928057,126.317313736826
33.3042932973408,126.317312367536
33.3042945871756,126.317310926873
33.3042958568233,126.317309462831
33.3042971408823,126.317308023998
33.3042983490581,126.31730646935
33.3042995094823,126.317304855725
33.3043007485409,126.317303441441
33.3043019300765,126.317301881049
33.3043032973477,126.317300534207
33.3043045011532,126.317299063141
33.3043056663687,126.317297498524
33.3043069227447,126.317295998585
33.3043081061081,126.3172944577
33.3043093014489,126.317292929524
33.3043104282732,126.317291371538
33.3043116284788,126.317289810218
33.3043128687222,126.317288284275
33.3043140737691,126.317286800984
33.3043152551612,126.317285269017
33.3043164584076,126.317283678184
33.3043177119711,126.317282232114
33.304318946108,126.317280706884
33.3043201182248,126.317279118261
33.3043213130203,126.317277525207
33.3043224911699,126.317275952913
33.3043236717134,126.317274356634
33.3043247715625,126.317272781156
33.3043258829041,126.317271119579
33.3043269363489,126.317269426877
33.304328031447,126.317267784233
33.3043289998305,126.317266023305
33.3043301620994,126.317264394515
33.3043311940584,126.3172627093
33.3043322620863,126.317261003868
33.3043333155635,126.317259371937
33.3043344028497,126.317257724099
33.3043353607302,126.317255952358
33.3043363835779,126.317254221005
33.3043374982407,126.317252567519
33.3043385532906,126.317250879438
33.3043396169857,126.317249177531
33.3043404917621,126.317247348863
33.3043414639458,126.317245573966
33.30434237007,126.31724375778
33.3043431580547,126.317241860917
33.3043440651867,126.31724003421
33.3043447625788,126.317238139435
33.3043456765246,126.317236300525
33.3043466251172,126.317234548341
33.3043473685001,126.317232624369
33.3043480379986,126.317230644552
33.304348666367,126.317228665189
33.3043492338458,126.317226648888
33.3043497046625,126.317224585353
33.3043502614935,126.317222570312
33.3043507975591,126.31722053934
33.3043512758776,126.317218531333
33.3043516711267,126.317216533108
33.3043523807227,126.317214641094
33.3043528484599,126.317212596529
33.304353443126,126.317210604638
33.3043540473921,126.317208617241
33.3043546008771,126.317206617603
33.3043552614994,126.317204713131
33.3043559027897,126.317202818593
33.3043566425711,126.317200879431
33.3043574281656,126.317199022614
33.3043584050929,126.317197287449
33.3043594997017,126.317195665187
33.3043606318627,126.317193999975
33.304361763044,126.317192359939
33.3043629379685,126.317190757775
33.3043640474467,126.317189105981
33.3043651901552,126.317187462832
33.3043663117969,126.317185861581
33.3043673786254,126.317184184981
33.3043685234893,126.317182629499
33.3043696318617,126.317180999975
33.3043707221603,126.317179396893
